printOutputs,datasetName,nElements,nAttributes,nClasses,classesInLine,maxTreeHeigth,alpha,minLeafElements,timeLimit,totalElementos,totalGalhos,totalFolhas,alturaReal,totalErros,totalAcertos,spentTime
1,Iris.csv,-1,4,3,"Iris-setosa,Iris-versicolor,Iris-virginica",2,0.300000,2,120,150,2,3,2,6,144,137.819783
1,SaYoPillow.csv,-1,8,5,"0,1,2,3,4",3,0.500000,2,300,630,1,2,1,378,252,1062.938369
1,SaYoPillow.csv,-1,8,5,"0,1,2,3,4",4,0.500000,2,300,630,1,2,1,389,241,1052.054686
1,DropoutAcademicSuccess200.csv,-1,36,3,"Dropout,Graduate,Enrolled",5,0.500000,2,300
1,Iris.csv,-1,4,3,"Iris-setosa,Iris-versicolor,Iris-virginica",2,0.300000,2,120,150,2,3,2,6,144,141.189806
1,SaYoPillow.csv,-1,8,5,"0,1,2,3,4",3,0.500000,2,180,630,1,2,1,378,252,585.921045
1,SaYoPillow.csv,-1,8,5,"0,1,2,3,4",4,0.500000,2,180,630,1,2,1,393,237,592.113953
1,DropoutAcademicSuccess200.csv,-1,36,3,"Dropout,Graduate,Enrolled",5,0.500000,2,300
1,DropoutAcademicSuccess100.csv,-1,36,3,"Dropout,Graduate,Enrolled",5,0.500000,2,300,100,2,3,2,1,99,102.798583
1,DropoutAcademicSuccess100.csv,-1,36,3,"Dropout,Graduate,Enrolled",4,0.500000,2,300,100,1,2,1,4,96,10.547999
1,DropoutAcademicSuccess100.csv,-1,36,3,"Dropout,Graduate,Enrolled",3,0.500000,2,300,100,1,2,1,22,78,7.800229
1,DropoutAcademicSuccess100.csv,-1,36,3,"Dropout,Graduate,Enrolled",2,0.500000,2,300,100,2,3,2,0,100,32.919602
1,DropoutAcademicSuccess200.csv,-1,36,3,"Dropout,Graduate,Enrolled",2,0.500000,2,300,200,1,2,1,62,138,1135.356546
1,DropoutAcademicSuccess200.csv,-1,36,3,"Dropout,Graduate,Enrolled",3,0.500000,2,300,200,3,2,2,22,178,197.371976
1,DropoutAcademicSuccess200.csv,-1,36,3,"Dropout,Graduate,Enrolled",3,0.100000,2,300,200,5,4,3,0,200,1100.668740
1,DropoutAcademicSuccess1000.csv,-1,36,3,"Dropout,Graduate,Enrolled",3,0.100000,2,300,1000,1,1,1,467,533,1117.998223
1,DropoutAcademicSuccess1000.csv,-1,36,3,"Dropout,Graduate,Enrolled",3,0.100000,2,600,1000,1,1,1,467,533,2264.512954
1,DropoutAcademicSuccess1000.csv,-1,36,3,"Dropout,Graduate,Enrolled",3,0.500000,2,600,1000,1,1,1,467,533,2155.889467
1,DropoutAcademicSuccess1000.csv,-1,36,3,"Dropout,Graduate,Enrolled",4,0.500000,2,600,1000,1,2,1,270,730,2187.677487
1,DropoutAcademicSuccess1000.csv,-1,36,3,"Dropout,Graduate,Enrolled",5,0.500000,2,600
1,DropoutAcademicSuccess1000.csv,-1,36,3,"Dropout,Graduate,Enrolled",5,0.500000,2,1200
1,DropoutAcademicSuccess1000.csv,-1,36,3,"Dropout,Graduate,Enrolled",4,0.500000,2,1200,1000,1,2,1,185,815,3779.379795
1,DropoutAcademicSuccess1000.csv,-1,36,3,"Dropout,Graduate,Enrolled",4,0.990000,2,300,1000,1,2,1,107,893,486.859557
1,DropoutAcademicSuccess1000.csv,-1,36,3,"Dropout,Graduate,Enrolled",4,0.990000,2,600,1000,1,2,1,107,893,487.605169
1,DropoutAcademicSuccess1000.csv,-1,36,3,"Dropout,Graduate,Enrolled",3,0.990000,2,600
1,DropoutAcademicSuccess1000.csv,-1,36,3,"Dropout,Graduate,Enrolled",3,0.500000,2,600,1000,1,1,1,467,533,2144.179417
1,DropoutAcademicSuccess1000.csv,-1,36,3,"Dropout,Graduate,Enrolled",3,3.000000,2,600,1000,5,4,3,308,692,1601.358941
1,DropoutAcademicSuccess1000.csv,-1,36,3,"Dropout,Graduate,Enrolled",4,3.000000,2,600,1000,1,2,1,247,753,488.215443
1,DropoutAcademicSuccess1000.csv,-1,36,3,"Dropout,Graduate,Enrolled",4,6.000000,2,600,1000,1,2,1,57,943,291.507041
1,DropoutAcademicSuccess1000.csv,-1,36,3,"Dropout,Graduate,Enrolled",4,0.005000,2,600,1000,1,2,1,465,535,1897.358737
1,DropoutAcademicSuccess1000.csv,-1,36,3,"Dropout,Graduate,Enrolled",5,5.000000,2,600
1,SaYoPillow.csv,-1,8,5,"0,1,2,3,4",3,0.500000,2,360,630,1,2,1,378,252,1133.407569
1,SaYoPillow.csv,-1,8,5,"0,1,2,3,4",3,0.050000,2,180,630,3,3,3,253,377,530.474720
1,SaYoPillow.csv,-1,8,5,"0,1,2,3,4",3,0.005000,2,180,630,2,3,2,253,377,524.490392
1,SaYoPillow.csv,-1,8,5,"0,1,2,3,4",4,0.005000,2,180,630,12,13,4,3,627,566.263955
1,SaYoPillow.csv,-1,8,5,"0,1,2,3,4",3,0.500000,2,180,630,1,2,1,378,252,646.725485
1,DropoutAcademicSuccess1000.csv,-1,36,3,"Dropout,Graduate,Enrolled",4,0.500000,2,1800,1000,1,2,1,185,815,3759.676275
1,DropoutAcademicSuccess1000.csv,-1,36,3,"Dropout,Graduate,Enrolled",5,0.500000,2,1800
1,DropoutAcademicSuccess1000.csv,-1,36,3,"Dropout,Graduate,Enrolled",5,1.000000,2,1800
1,DropoutAcademicSuccess1000.csv,-1,36,3,"Dropout,Graduate,Enrolled",5,0.005000,2,1800
1,DropoutAcademicSuccess1000.csv,-1,36,3,"Dropout,Graduate,Enrolled",4,0.005000,2,600,1000,1,2,1,465,535,2178.569501
1,DropoutAcademicSuccess1000.csv,-1,36,3,"Dropout,Graduate,Enrolled",6,0.005000,2,1800,1000,1,1,1,467,533,6104.982166
1,DropoutAcademicSuccess1000.csv,-1,36,3,"Dropout,Graduate,Enrolled",4,0.500000,2,28800,1000,1,2,1,185,815,3765.786624
1,Iris.csv,-1,4,3,"Iris-setosa,Iris-versicolor,Iris-virginica",2,0.300000,2,120
1,Iris.csv,-1,4,3,"Iris-setosa,Iris-versicolor,Iris-virginica",2,0.300000,2,120,150,2,3,2,6,144,180.723458
1,DropoutAcademicSuccess100.csv,-1,36,3,"Dropout,Graduate,Enrolled",4,0.500000,2,180,100,1,2,1,4,96,11.392417
1,SaYoPillow.csv,-1,8,5,"0,1,2,3,4",3,0.500000,2,180,630,1,2,1,378,252,376.761986
1,Iris.csv,-1,4,3,"Iris-setosa,Iris-versicolor,Iris-virginica",2,0.300000,2,120,150,2,3,2,6,144,138.294263
1,SaYoPillow.csv,-1,8,5,"0,1,2,3,4",3,0.500000,2,180,630,1,2,1,378,252,626.725027
1,SaYoPillow.csv,-1,8,5,"0,1,2,3,4",4,0.500000,2,360,630,2,3,2,252,378,1229.284807
1,DropoutAcademicSuccess200.csv,-1,36,3,"Dropout,Graduate,Enrolled",4,0.500000,2,360,200,1,2,1,23,177,442.387976
1,Iris.csv,-1,4,3,"Iris-setosa,Iris-versicolor,Iris-virginica",2,0.300000,2,120,150,2,3,2,6,144,139.660861
1,SaYoPillow.csv,-1,8,5,"0,1,2,3,4",4,0.300000,2,360,630,1,2,1,378,252,1293.517161
1,SaYoPillow.csv,-1,8,5,"0,1,2,3,4",5,0.300000,2,360,630,1,2,1,379,251,1300.611049
1,SaYoPillow.csv,-1,8,5,"0,1,2,3,4",4,0.500000,2,360,630,2,3,2,252,378,1235.940365
1,DropoutAcademicSuccess200.csv,-1,36,3,"Dropout,Graduate,Enrolled",3,0.050000,2,360,200,1,2,1,95,105,1354.336263
1,DropoutAcademicSuccess200.csv,-1,36,3,"Dropout,Graduate,Enrolled",3,0.050000,2,900,200,1,2,1,95,105,3403.618616
1,DropoutAcademicSuccess200.csv,-1,36,3,"Dropout,Graduate,Enrolled",4,0.050000,2,900,200,13,11,4,2,198,3383.818680
1,DropoutAcademicSuccess200.csv,-1,36,3,"Dropout,Graduate,Enrolled",4,0.005000,2,1800,200,1,2,1,62,138,6796.988938
1,DropoutAcademicSuccess200.csv,-1,36,3,"Dropout,Graduate,Enrolled",5,0.005000,2,1800
1,DropoutAcademicSuccess200.csv,-1,36,3,"Dropout,Graduate,Enrolled",8,0.005000,2,32000
1,Iris.csv,-1,4,3,"Iris-setosa,Iris-versicolor,Iris-virginica",2,0.300000,2,120,150,2,3,2,6,144,139.438921
1,DropoutAcademicSuccess200.csv,-1,36,3,"Dropout,Graduate,Enrolled",4,0.050000,2,360,200,13,11,4,2,198,1102.622036
1,DropoutAcademicSuccess200.csv,-1,36,3,"Dropout,Graduate,Enrolled",3,0.050000,2,360,200,1,2,1,95,105,1241.739835
1,DropoutAcademicSuccess200.csv,-1,36,3,"Dropout,Graduate,Enrolled",3,0.005000,2,360,200,7,5,3,86,114,1319.004722
1,DropoutAcademicSuccess200.csv,-1,36,3,"Dropout,Graduate,Enrolled",3,0.000500,2,360,200,4,4,3,98,102,1267.274821
1,DropoutAcademicSuccess200.csv,-1,36,3,"Dropout,Graduate,Enrolled",4,0.005000,2,360,200,1,2,1,62,138,1326.524387
1,DropoutAcademicSuccess200.csv,-1,36,3,"Dropout,Graduate,Enrolled",4,0.050000,2,360,200,13,11,4,2,198,1315.911180
1,DropoutAcademicSuccess1000.csv,-1,36,3,"Dropout,Graduate,Enrolled",4,0.050000,2,360,1000,1,2,1,465,535,1283.535775
1,DropoutAcademicSuccess1000.csv,-1,36,3,"Dropout,Graduate,Enrolled",5,0.050000,2,360
1,DropoutAcademicSuccess1000.csv,-1,36,3,"Dropout,Graduate,Enrolled",5,0.005000,2,900
1,DropoutAcademicSuccess1000.csv,-1,36,3,"Dropout,Graduate,Enrolled",5,0.050000,2,900
1,Iris.csv,-1,4,3,"Iris-setosa,Iris-versicolor,Iris-virginica",2,0.300000,2,120,150,2,3,2,6,144,146.157107
0,Iris.csv,-1,4,3,"Iris-setosa,Iris-versicolor,Iris-virginica",2,0.300000,2,120
1,DropoutAcademicSuccess200.csv,-1,36,3,"Dropout,Graduate,Enrolled",4,0.050000,2,360,200,13,11,4,2,198,1312.647980
1,DropoutAcademicSuccess1000.csv,-1,36,3,"Dropout,Graduate,Enrolled",4,0.050000,2,360,1000,1,2,1,465,535,1331.020653
1,DropoutAcademicSuccess1000.csv,-1,36,3,"Dropout,Graduate,Enrolled",4,0.005000,2,360,1000,1,2,1,465,535,1320.981737
1,DropoutAcademicSuccess1000.csv,-1,36,3,"Dropout,Graduate,Enrolled",4,0.005000,2,900,1000,1,2,1,465,535,2574.320369
1,DropoutAcademicSuccess1000.csv,-1,36,3,"Dropout,Graduate,Enrolled",4,0.000500,2,360
1,DropoutAcademicSuccess1000.csv,-1,36,3,"Dropout,Graduate,Enrolled",4,0.000500,2,900
1,DropoutAcademicSuccess1000.csv,-1,36,3,"Dropout,Graduate,Enrolled",4,0.000500,2,6000,1000,14,10,4,441,559,19320.530560
1,DropoutAcademicSuccess1000.csv,-1,36,3,"Dropout,Graduate,Enrolled",4,0.000050,2,9000,1000,1,1,1,467,533,34179.778998
1,DropoutAcademicSuccess1000.csv,-1,36,3,"Dropout,Graduate,Enrolled",5,0.000050,2,9000,1000,1,2,1,465,535,30956.046435
1,DropoutAcademicSuccess1000.csv,-1,36,3,"Dropout,Graduate,Enrolled",6,0.000050,2,9000
1,DropoutAcademicSuccess1000.csv,-1,36,3,"Dropout,Graduate,Enrolled",6,0.000050,2,9000
1,DropoutAcademicSuccess1000.csv,-1,36,3,"Dropout,Graduate,Enrolled",6,0.000050,2,9000
1,DropoutAcademicSuccess1000.csv,-1,36,3,"Dropout,Graduate,Enrolled",6,0.000050,2,60
1,DropoutAcademicSuccess1000.csv,-1,36,3,"Dropout,Graduate,Enrolled",6,0.000050,2,120
1,DropoutAcademicSuccess1000.csv,-1,36,3,"Dropout,Graduate,Enrolled",6,0.000050,2,360
1,IrisTreino.csv,-1,4,3,"Iris-setosa,Iris-versicolor,Iris-virginica",2,0.300000,2,180,45,2,3,2,1,44,2.608730
1,DropoutAcademicSuccess200.csv,-1,36,3,"Dropout,Graduate,Enrolled",3,0.050000,2,180,200,1,2,1,95,105,485.719410
1,DropoutAcademicSuccess200.csv,-1,36,3,"Dropout,Graduate,Enrolled",2,0.000000,2,180,200,3,4,2,26,174,484.179286
1,DropoutAcademicSuccess200.csv,-1,36,3,"Dropout,Graduate,Enrolled",3,0.000000,0,600,200,7,8,3,0,200,60.594844
1,DropoutAcademicSuccess200.csv,-1,36,3,"Dropout,Graduate,Enrolled",3,0.000000,0,600,200,7,8,3,0,200,60.513210
1,DropoutAcademicSuccess200.csv,-1,36,3,"Dropout,Graduate,Enrolled",3,0.000000,0,600,200,7,8,3,0,200,55.199756
1,Iris.csv,-1,4,3,"Iris-setosa,Iris-versicolor,Iris-virginica",2,0.300000,2,120,150,2,3,2,6,144,181.567261
1,Iris.csv,-1,4,3,"Iris-setosa,Iris-versicolor,Iris-virginica",2,0.300000,2,120,150,2,3,2,6,144,143.674882
1,Iris.csv,-1,4,3,"Iris-setosa,Iris-versicolor,Iris-virginica",2,0.300000,2,120,150,2,3,2,6,144,139.683302
1,Iris.csv,-1,4,3,"Iris-setosa,Iris-versicolor,Iris-virginica",2,0.300000,2,120,150,2,3,2,6,144,142.394162
1,DropoutAcademicSuccess200.csv,-1,36,3,"Dropout,Graduate,Enrolled",4,0.050000,0,180,200,1,2,1,99,101,422.456938
1,DropoutAcademicSuccess200.csv,-1,36,3,"Dropout,Graduate,Enrolled",4,0.005000,0,300,200,13,9,4,0,200,849.314421
1,DropoutAcademicSuccess200.csv,-1,36,3,"Dropout,Graduate,Enrolled",4,0.050000,0,180,200,1,2,1,99,101,436.834500
1,DropoutAcademicSuccess200.csv,-1,36,3,"Dropout,Graduate,Enrolled",4,0.050000,0,300,200,1,2,1,99,101,581.307183
1,SaYoPillow.csv,-1,8,5,"0,1,2,3,4",4,0.500000,0,180,630,15,16,4,4,626,475.926106
1,SaYoPillow.csv,-1,8,5,"0,1,2,3,4",3,0.500000,0,180,630,4,5,3,125,505,437.603671
1,SaYoPillow.csv,-1,8,5,"0,1,2,3,4",3,0.500000,0,180,630,4,5,3,125,505,429.930095
1,SaYoPillow.csv,-1,8,5,"0,1,2,3,4",3,0.500000,0,180,630,4,5,3,125,505,598.950328
1,SaYoPillow.csv,-1,8,5,"0,1,2,3,4",3,0.500000,0,180,630,4,5,3,125,505,606.629501
1,SaYoPillow.csv,-1,8,5,"0,1,2,3,4",3,0.500000,0,180,630,4,5,3,125,505,598.829513
1,SaYoPillow.csv,-1,8,5,"0,1,2,3,4",3,0.500000,0,180,630,4,5,3,125,505,609.501301
1,SaYoPillow.csv,-1,8,5,"0,1,2,3,4",3,0.500000,0,180,630,4,5,3,125,505,607.308060
1,SaYoPillow.csv,-1,8,5,"0,1,2,3,4",3,0.500000,0,180,630,4,5,3,125,505,577.612462
1,SaYoPillow.csv,-1,8,5,"0,1,2,3,4",3,0.500000,0,180,630,4,5,3,125,505,459.726625
1,SaYoPillow.csv,-1,8,5,"0,1,2,3,4",3,0.500000,0,180,630,4,5,3,125,505,628.207107
1,SaYoPillow.csv,-1,8,5,"0,1,2,3,4",3,0.500000,0,180
1,SaYoPillow.csv,-1,8,5,"0,1,2,3,4",3,0.500000,0,180,630,4,5,3,125,505,631.220435
1,SaYoPillow.csv,-1,8,5,"0,1,2,3,4",3,0.500000,0,180,630,4,5,3,125,505,627.567072
1,SaYoPillow.csv,-1,8,5,"0,1,2,3,4",3,0.500000,0,180,630,4,0,2,125,505,632.550737
1,SaYoPillow.csv,-1,8,5,"0,1,2,3,4",3,0.500000,0,180,630,0,0,0,125,505,624.566796
1,SaYoPillow.csv,-1,8,5,"0,1,2,3,4",3,0.500000,0,180,630,4,5,3,125,505,612.430707
1,SaYoPillow.csv,-1,8,5,"0,1,2,3,4",3,0.500000,0,180
1,SaYoPillow.csv,-1,8,5,"0,1,2,3,4",3,0.500000,0,180,630,4,5,3,125,505,613.154495
1,SaYoPillow.csv,-1,8,5,"0,1,2,3,4",3,0.500000,0,180,630,4,5,3,125,505,525.316710
1,SaYoPillow.csv,-1,8,5,"0,1,2,3,4",3,0.500000,0,180,630,4,5,3,125,505,590.534322
1,Iris.csv,-1,4,3,"Iris-setosa,Iris-versicolor,Iris-virginica",2,0.300000,2,120,150,2,3,2,6,144,142.662003
1,Iris.csv,-1,4,3,"Iris-setosa,Iris-versicolor,Iris-virginica",2,0.300000,2,120,150,2,3,2,6,144,140.644622
1,SaYoPillow.csv,-1,8,5,"0,1,2,3,4",3,0.500000,0,180,630,4,5,3,125,505,495.447860
1,SaYoPillow.csv,-1,8,5,"0,1,2,3,4",3,0.500000,0,180,630,4,5,3,125,505,588.613730
1,SaYoPillow.csv,-1,8,5,"0,1,2,3,4",3,0.500000,0,180,630,4,5,3,125,505,569.327175
1,SaYoPillow.csv,-1,8,5,"0,1,2,3,4",4,0.500000,0,180,630,15,16,4,4,626,506.410578
1,SaYoPillow.csv,-1,8,5,"0,1,2,3,4",4,0.500000,0,180
1,SaYoPillow.csv,-1,8,5,"0,1,2,3,4",3,0.500000,0,180,630,4,5,3,125,505,461.228076
1,SaYoPillow.csv,-1,8,5,"0,1,2,3,4",3,0.500000,0,180,630,4,5,3,125,505,378.349552
1,SaYoPillow.csv,-1,8,5,"0,1,2,3,4",3,0.500000,0,180,630,4,5,3,125,505,370.164404
1,SaYoPillow.csv,-1,8,5,"0,1,2,3,4",3,0.500000,0,180,630,4,5,3,125,505,417.033992
1,SaYoPillow.csv,-1,8,5,"0,1,2,3,4",3,0.500000,0,180,630,4,5,3,125,505,636.641679
1,SaYoPillow.csv,-1,8,5,"0,1,2,3,4",3,0.500000,0,180,630,4,5,3,125,505,635.434608
1,SaYoPillow.csv,-1,8,5,"0,1,2,3,4",3,0.500000,0,180,630,4,5,0,125,505,624.560620
1,SaYoPillow.csv,-1,8,5,"0,1,2,3,4",3,0.500000,0,180,630,4,5,0,125,505,616.686411
1,SaYoPillow.csv,-1,8,5,"0,1,2,3,4",3,0.500000,0,180,630,4,5,3,125,505,626.353975
1,SaYoPillow.csv,-1,8,5,"0,1,2,3,4",3,0.500000,0,180,630,4,5,3,125,505,630.673915
1,SaYoPillow.csv,-1,8,5,"0,1,2,3,4",3,0.500000,0,180,630,4,5,3,125,505,630.811318
1,SaYoPillow.csv,-1,8,5,"0,1,2,3,4",3,0.500000,0,180,630,4,5,3,125,505,442.827434
1,SaYoPillow.csv,-1,8,5,"0,1,2,3,4",3,0.500000,0,180,630,4,5,3,125,505,561.872226
1,SaYoPillow.csv,-1,8,5,"0,1,2,3,4",3,0.500000,0,180
1,SaYoPillow.csv,-1,8,5,"0,1,2,3,4",3,0.500000,0,180,630,4,5,3,125,505,623.745442
1,SaYoPillow.csv,-1,8,5,"0,1,2,3,4",3,0.500000,0,180,630,4,5,3,125,505,634.850679
1,SaYoPillow.csv,-1,8,5,"0,1,2,3,4",3,0.500000,0,180,630,4,5,3,125,505,625.346488
1,SaYoPillow.csv,-1,8,5,"0,1,2,3,4",3,0.500000,0,180,630,4,5,3,125,505,543.164985
1,SaYoPillow.csv,-1,8,5,"0,1,2,3,4",3,0.500000,0,180,630,4,5,3,125,505,623.659364
1,SaYoPillow.csv,-1,8,5,"0,1,2,3,4",3,0.500000,0,180,630,4,5,3,125,505,619.409998
1,SaYoPillow.csv,-1,8,5,"0,1,2,3,4",3,0.500000,0,180,630,4,5,3,125,505,621.899117
1,SaYoPillow.csv,-1,8,5,"0,1,2,3,4",3,0.500000,0,180,630,4,5,3,125,505,626.155392
1,SaYoPillow.csv,-1,8,5,"0,1,2,3,4",3,0.500000,0,180,630,4,5,3,125,505,391.212005
1,SaYoPillow.csv,-1,8,5,"0,1,2,3,4",3,0.500000,0,180,630,4,5,3,125,505,617.203011
1,SaYoPillow.csv,-1,8,5,"0,1,2,3,4",3,0.500000,0,180,630,4,5,3,125,505,472.585986
1,SaYoPillow.csv,-1,8,5,"0,1,2,3,4",3,0.500000,0,180,630,4,5,3,125,505,378.228187
1,SaYoPillow.csv,-1,8,5,"0,1,2,3,4",3,0.500000,0,180,630,2,3,2,252,378,408.234207
1,SaYoPillow.csv,-1,8,5,"0,1,2,3,4",3,0.500000,0,180,630,1,2,1,378,252,380.359999
1,SaYoPillow.csv,-1,8,5,"0,1,2,3,4",3,0.500000,0,180,630,1,4,1,378,252,411.103973
1,SaYoPillow.csv,-1,8,5,"0,1,2,3,4",3,0.500000,0,180,630,1,3,1,378,252,410.832434
1,SaYoPillow.csv,-1,8,5,"0,1,2,3,4",3,0.500000,0,180,630,6,8,3,3,627,403.491959
1,SaYoPillow.csv,-1,8,5,"0,1,2,3,4",3,0.500000,0,180,630,1,3,1,378,252,415.980238
1,SaYoPillow.csv,-1,8,5,"0,1,2,3,4",3,0.500000,0,180,630,3,4,3,358,272,382.845544
1,SaYoPillow.csv,-1,8,5,"0,1,2,3,4",3,0.500000,0,180,630,3,5,3,303,327,594.302906
1,SaYoPillow.csv,-1,8,5,"0,1,2,3,4",3,0.050000,0,180,630,3,3,3,253,377,626.125886
1,SaYoPillow.csv,-1,8,5,"0,1,2,3,4",3,0.050000,0,180,630,3,3,3,253,377,445.715353
1,SaYoPillow.csv,-1,8,5,"0,1,2,3,4",3,0.050000,0,180,630,3,3,3,253,377,541.814661
1,SaYoPillow.csv,-1,8,5,"0,1,2,3,4",3,0.500000,0,180,630,3,5,3,303,327,578.200425
1,DropoutAcademicSuccess100.csv,-1,36,3,"0,1,2,3,4",4,0.050000,0,180,100,1,2,1,5,95,2.188079
1,DropoutAcademicSuccess1000.csv,-1,36,3,"0,1,2,3,4",4,0.050000,0,180,1000,1,2,1,75,925,38.360975
1,DropoutAcademicSuccess1000.csv,-1,36,3,"Dropout,Graduate,Enrolled",4,0.005000,0,180
1,DropoutAcademicSuccess1000.csv,-1,36,3,"Dropout,Graduate,Enrolled",4,0.050000,0,180
1,DropoutAcademicSuccess200.csv,-1,36,3,"Dropout,Graduate,Enrolled",4,0.050000,0,180,200,4,4,4,41,159,570.907847
1,DropoutAcademicSuccess200.csv,-1,36,3,"Dropout,Graduate,Enrolled",4,0.050000,0,180,200,4,4,4,41,159,556.817116
1,Iris.csv,-1,4,3,"Iris-setosa,Iris-versicolor,Iris-virginica",2,0.300000,2,120,150,2,3,2,6,144,139.237321
1,DropoutAcademicSuccess200.csv,-1,36,3,"Dropout,Graduate,Enrolled",4,0.050000,0,180,200,4,4,4,41,159,606.975954
1,DropoutAcademicSuccess200.csv,-1,36,3,"Dropout,Graduate,Enrolled",4,0.050000,0,180,200,4,4,4,41,159,501.090106
1,Iris.csv,-1,4,3,"Iris-setosa,Iris-versicolor,Iris-virginica",2,0.300000,2,120,150,2,3,2,6,144,139.696042
1,Iris.csv,-1,4,3,"Iris-setosa,Iris-versicolor,Iris-virginica",2,2.000000,60,120,150,1,2,1,50,100,2.627190
1,Iris.csv,-1,4,3,"Iris-setosa,Iris-versicolor,Iris-virginica",2,0.300000,2,60,150,2,3,2,6,144,141.959685
1,Iris.csv,-1,4,3,"Iris-setosa,Iris-versicolor,Iris-virginica",2,0.300000,2,60,150,2,3,2,6,144,145.431575
1,Iris.csv,-1,4,3,"Iris-setosa,Iris-versicolor,Iris-virginica",2,0.300000,2,60,150,2,3,2,6,144,139.809035
1,Iris.csv,-1,4,3,"Iris-setosa,Iris-versicolor,Iris-virginica",2,0.300000,2,60,150,2,3,2,6,144,139.105704
1,Iris.csv,-1,4,3,"Iris-setosa,Iris-versicolor,Iris-virginica",2,0.300000,2,60,150,2,3,2,6,144,140.672019
1,Iris.csv,-1,4,3,"Iris-setosa,Iris-versicolor,Iris-virginica",2,0.300000,2,60,150,2,3,2,6,144,139.148849
1,Iris.csv,-1,4,3,"Iris-setosa,Iris-versicolor,Iris-virginica",2,0.300000,2,60,150,2,3,2,6,144,140.128457
1,Iris.csv,-1,4,3,"Iris-setosa,Iris-versicolor,Iris-virginica",2,0.300000,2,60,150,2,3,2,6,144,140.850175
1,DropoutAcademicSuccess200.csv,-1,36,3,"Dropout,Graduate,Enrolled",4,0.050000,0,180,200,4,4,4,41,159,623.686712
1,DropoutAcademicSuccess200.csv,-1,36,3,"Dropout,Graduate,Enrolled",4,0.050000,1,180,200,6,4,4,54,146,538.938337
1,DropoutAcademicSuccess200.csv,-1,36,3,"Dropout,Graduate,Enrolled",4,0.050000,1,180
1,DropoutAcademicSuccess200.csv,-1,36,3,"Dropout,Graduate,Enrolled",4,0.050000,1,180
1,DropoutAcademicSuccess200.csv,-1,36,3,"Dropout,Graduate,Enrolled",3,0.050000,1,180
1,DropoutAcademicSuccess200.csv,-1,36,3,"Dropout,Graduate,Enrolled",3,0.050000,1,180
1,DropoutAcademicSuccess200.csv,-1,36,3,"Dropout,Graduate,Enrolled",3,0.050000,1,180,200,5,3,3,0,200,84.997593
1,DropoutAcademicSuccess200.csv,-1,36,3,"Dropout,Graduate,Enrolled",4,0.050000,1,180,200,6,4,4,54,146,525.929921
1,DropoutAcademicSuccess200.csv,-1,36,3,"Dropout,Graduate,Enrolled",4,0.050000,1,180,200,6,4,4,54,146,562.326368
1,Iris.csv,-1,4,3,"Iris-setosa,Iris-versicolor,Iris-virginica",2,0.300000,2,120,150,2,3,2,6,144,156.662072
1,DropoutAcademicSuccess200.csv,-1,36,3,"Dropout,Graduate,Enrolled",4,0.050000,1,180,200,6,4,4,54,146,570.645515
1,DropoutAcademicSuccess200.csv,-1,36,3,"Dropout,Graduate,Enrolled",4,0.050000,1,180,200,6,4,4,54,146,427.506317
1,Iris.csv,-1,4,3,"Iris-setosa,Iris-versicolor,Iris-virginica",2,0.300000,2,120,150,2,3,2,6,144,146.080858
1,DropoutAcademicSuccess200.csv,-1,36,3,"Dropout,Graduate,Enrolled",4,0.050000,1,180,200,6,4,4,54,146,371.275554
1,Iris.csv,-1,4,3,"Iris-setosa,Iris-versicolor,Iris-virginica",2,0.300000,2,120,150,2,3,2,6,144,144.700650
1,Iris.csv,-1,4,3,"Iris-setosa,Iris-versicolor,Iris-virginica",2,0.300000,2,120,150,2,3,2,6,144,147.047545
1,DropoutAcademicSuccess200.csv,-1,36,3,"Dropout,Graduate,Enrolled",4,0.050000,1,180,200,6,4,4,54,146,573.229418
1,DropoutAcademicSuccess100.csv,-1,36,3,"Dropout,Graduate,Enrolled",4,0.050000,1,180,100,1,1,1,51,49,611.887494
1,DropoutAcademicSuccess200.csv,-1,36,3,"Dropout,Graduate,Enrolled",4,0.050000,1,180,200,6,4,4,54,146,562.466886
1,DropoutAcademicSuccess200.csv,-1,36,3,"Dropout,Graduate,Enrolled",4,0.050000,1,180,200,6,4,4,54,146,534.539895
1,DropoutAcademicSuccess200.csv,-1,36,3,"Dropout,Graduate,Enrolled",4,0.050000,1,180,200,6,4,4,54,146,535.386998
1,DropoutAcademicSuccess200.csv,-1,36,3,"Dropout,Graduate,Enrolled",4,0.050000,1,180,200,1,1,1,101,99,585.725075
1,DropoutAcademicSuccess200.csv,-1,36,3,"Dropout,Graduate,Enrolled",4,0.050000,1,180,200,9,7,4,6,194,573.363009
1,Iris.csv,-1,4,3,"Iris-setosa,Iris-versicolor,Iris-virginica",2,0.300000,2,120,150,2,3,2,6,144,50.970500
1,DropoutAcademicSuccess200.csv,-1,36,3,"Dropout,Graduate,Enrolled",4,0.005000,1,180
1,DropoutAcademicSuccess200.csv,-1,36,3,"Dropout,Graduate,Enrolled",4,0.500000,1,180
1,DropoutAcademicSuccess200.csv,-1,36,3,"Dropout,Graduate,Enrolled",4,0.050000,1,180,200,1,1,1,101,99,641.059192
1,Iris.csv,-1,4,3,"Iris-setosa,Iris-versicolor,Iris-virginica",2,0.300000,2,120,150,2,3,2,6,144,66.956254
1,Iris.csv,-1,4,3,"Iris-setosa,Iris-versicolor,Iris-virginica",2,0.300000,2,120,150,2,3,2,6,144,70.132605
1,Iris.csv,-1,4,3,"Iris-setosa,Iris-versicolor,Iris-virginica",2,0.300000,2,120,150,2,3,2,6,144,68.951437
1,Iris.csv,-1,4,3,"Iris-setosa,Iris-versicolor,Iris-virginica",2,0.300000,2,120,150,2,3,2,5,145,136.335521
1,Iris.csv,-1,4,3,"Iris-setosa,Iris-versicolor,Iris-virginica",2,0.300000,2,120,150,2,3,2,6,144,244.443987
1,Iris.csv,-1,4,3,"Iris-setosa,Iris-versicolor,Iris-virginica",2,0.300000,2,120,150,3,4,2,6,144,199.696972
1,DropoutAcademicSuccess200.csv,-1,36,3,"Dropout,Graduate,Enrolled",4,0.500000,1,180,200,3,8,2,7,193,142.866519
1,DropoutAcademicSuccess200.csv,-1,36,3,"Dropout,Graduate,Enrolled",4,0.500000,1,180,200,3,8,2,7,193,185.298621
1,DropoutAcademicSuccess200.csv,-1,36,3,"Dropout,Graduate,Enrolled",4,0.500000,1,180,200,2,2,2,40,160,261.118737
1,DropoutAcademicSuccess200.csv,-1,36,3,"Dropout,Graduate,Enrolled",4,0.500000,1,180,200,2,2,2,40,160,270.482061
1,DropoutAcademicSuccess200.csv,-1,36,3,"Dropout,Graduate,Enrolled",4,0.500000,1,180,200,2,2,2,40,160,263.038853
1,DropoutAcademicSuccess200.csv,-1,36,3,"Dropout,Graduate,Enrolled",4,0.500000,1,180,200,15,7,4,0,200,201.800288
1,Iris.csv,-1,4,3,"Iris-setosa,Iris-versicolor,Iris-virginica",2,0.300000,2,120,150,3,4,2,6,144,109.516692
1,DropoutAcademicSuccess200.csv,-1,36,3,"Dropout,Graduate,Enrolled",3,0.500000,1,180,200,7,8,3,0,200,79.109231
1,DropoutAcademicSuccess200.csv,-1,36,3,"Dropout,Graduate,Enrolled",4,0.500000,1,180,200,15,7,4,0,200,197.971822
1,DropoutAcademicSuccess200.csv,-1,36,3,"Dropout,Graduate,Enrolled",4,0.500000,1,180,200,15,7,4,0,200,215.435916
1,DropoutAcademicSuccess200.csv,-1,36,3,"Dropout,Graduate,Enrolled",4,0.500000,1,180,200,15,7,4,0,200,194.732770
1,DropoutAcademicSuccess100.csv,-1,36,3,"Dropout,Graduate,Enrolled",4,0.500000,1,180,100,15,14,4,0,100,44.801030
1,DropoutAcademicSuccess100.csv,-1,36,3,"Dropout,Graduate,Enrolled",4,0.500000,1,180,100,1,2,1,14,86,10.131905
1,DropoutAcademicSuccess200.csv,-1,36,3,"Dropout,Graduate,Enrolled",4,0.500000,1,180,200,2,2,2,40,160,266.244339
1,DropoutAcademicSuccess200.csv,-1,36,3,"Dropout,Graduate,Enrolled",4,0.500000,1,180,200,2,2,2,40,160,270.379782
1,DropoutAcademicSuccess200.csv,-1,36,3,"Dropout,Graduate,Enrolled",4,0.500000,1,180,200,15,7,4,0,200,207.894155
1,DropoutAcademicSuccess100.csv,-1,36,3,"Dropout,Graduate,Enrolled",4,0.500000,1,180,100,15,14,4,0,100,45.061501
1,DropoutAcademicSuccess200.csv,-1,36,3,"Dropout,Graduate,Enrolled",4,0.500000,1,180,200,15,7,4,0,200,208.270176
1,DropoutAcademicSuccess200.csv,-1,36,3,"Dropout,Graduate,Enrolled",4,0.500000,1,180,200,15,7,4,0,200,198.041255
1,Iris.csv,-1,4,3,"Iris-setosa,Iris-versicolor,Iris-virginica",2,0.300000,2,120,150,3,4,2,6,144,107.775698
1,DropoutAcademicSuccess200.csv,-1,36,3,"Dropout,Graduate,Enrolled",4,0.500000,1,180,200,15,7,4,0,200,193.466481
1,DropoutAcademicSuccess200.csv,-1,36,3,"Dropout,Graduate,Enrolled",4,0.500000,1,180,200,15,7,4,0,200,202.605983
1,DropoutAcademicSuccess.csv,-1,36,3,"Dropout,Graduate,Enrolled",4,0.500000,1,180
1,DropoutAcademicSuccess1000.csv,-1,36,3,"Dropout,Graduate,Enrolled",4,0.500000,1,180
1,DropoutAcademicSuccess1000.csv,-1,36,3,"Dropout,Graduate,Enrolled",4,1.000000,1,180
1,DropoutAcademicSuccess1000.csv,-1,36,3,"Dropout,Graduate,Enrolled",4,0.200000,1,180
1,DropoutAcademicSuccess1000.csv,-1,36,3,"Dropout,Graduate,Enrolled",4,0.200000,1,360
1,DropoutAcademicSuccess1000.csv,-1,36,3,"Dropout,Graduate,Enrolled",4,0.200000,1,900
1,DropoutAcademicSuccess1000.csv,-1,36,3,"Dropout,Graduate,Enrolled",4,0.500000,1,900
1,DropoutAcademicSuccess1000.csv,-1,36,3,"Dropout,Graduate,Enrolled",4,1.000000,1,900
1,DropoutAcademicSuccess1000.csv,-1,36,3,"Dropout,Graduate,Enrolled",4,0.500000,1,1800
1,DropoutAcademicSuccess1000.csv,-1,36,3,"Dropout,Graduate,Enrolled",4,0.500000,1,180
1,DropoutAcademicSuccess200.csv,-1,36,3,"Dropout,Graduate,Enrolled",4,0.500000,1,180,200,15,7,4,0,200,203.878882
1,DropoutAcademicSuccess200.csv,-1,36,3,"Dropout,Graduate,Enrolled",4,0.500000,1,180,200,15,7,4,0,200,206.745818
1,DropoutAcademicSuccess200.csv,-1,36,3,"Dropout,Graduate,Enrolled",4,0.500000,1,180,200,15,7,4,0,200,197.408803
1,Iris.csv,-1,4,3,"Iris-setosa,Iris-versicolor,Iris-virginica",2,0.300000,2,120,150,2,3,2,6,144,71.036282
1,DropoutAcademicSuccess200.csv,-1,36,3,"Dropout,Graduate,Enrolled",4,0.500000,1,180,200,6,3,3,0,200,44.279137
1,Iris.csv,-1,4,3,"Iris-setosa,Iris-versicolor,Iris-virginica",2,0.300000,2,120,150,2,3,2,6,144,52.801367
1,DropoutAcademicSuccess200.csv,-1,36,3,"Dropout,Graduate,Enrolled",4,0.500000,1,180,200,6,3,3,0,200,36.288305
1,DropoutAcademicSuccess1000.csv,-1,36,3,"Dropout,Graduate,Enrolled",4,0.500000,1,180,1000,1,2,1,174,826,179.001438
1,DropoutAcademicSuccess1000.csv,-1,36,3,"Dropout,Graduate,Enrolled",4,0.500000,1,360,1000,1,2,1,174,826,173.714484
1,DropoutAcademicSuccess1000.csv,-1,36,3,"Dropout,Graduate,Enrolled",4,0.050000,1,180,1000,1,2,1,465,535,430.948933
1,DropoutAcademicSuccess200.csv,-1,36,3,"Dropout,Graduate,Enrolled",4,0.500000,1,180,200,5,3,3,1,199,41.511935
1,DropoutAcademicSuccess200.csv,-1,36,3,"Dropout,Graduate,Enrolled",4,0.500000,1,180,200,6,3,3,0,200,34.794067
1,Iris.csv,-1,4,3,"Iris-setosa,Iris-versicolor,Iris-virginica",2,0.300000,2,120,150,2,3,2,6,144,111.624478
1,DropoutAcademicSuccess200.csv,-1,36,3,"Dropout,Graduate,Enrolled",4,0.500000,1,180,200,3,2,3,26,174,33.100079
1,DropoutAcademicSuccess100.csv,-1,36,3,"Dropout,Graduate,Enrolled",4,0.500000,1,180,100,2,2,2,8,92,23.218292
1,DropoutAcademicSuccess100.csv,-1,36,3,"Dropout,Graduate,Enrolled",4,0.050000,1,180,100,1,2,1,50,50,386.907874
1,DropoutAcademicSuccess100.csv,-1,36,3,"Dropout,Graduate,Enrolled",4,0.000000,1,180,100,7,8,4,1,99,416.459206